filename,n_bibls,n_cits
tlg0014.tlg054.perseus-grc2.xml,0,0
tlg0014.tlg054.perseus-eng2.xml,6,0
tlg0014.tlg053.perseus-eng2.xml,3,0
tlg0014.tlg053.perseus-grc2.xml,0,0
tlg0014.tlg062.perseus-eng2.xml,81,0
tlg0014.tlg062.perseus-grc2.xml,0,0
tlg0014.tlg009.perseus-eng2.xml,7,0
tlg0014.tlg009.perseus-grc2.xml,0,0
tlg0014.tlg036.perseus-eng2.xml,15,0
tlg0014.tlg036.perseus-grc2.xml,0,0
tlg0014.tlg031.perseus-grc2.xml,0,0
tlg0014.tlg031.perseus-eng2.xml,1,0
tlg0014.tlg038.perseus-eng2.xml,2,0
tlg0014.tlg038.perseus-grc2.xml,0,0
tlg0014.tlg007.perseus-eng2.xml,4,1
tlg0014.tlg007.perseus-grc2.xml,1,0
tlg0014.tlg063.perseus-eng2.xml,29,0
tlg0014.tlg063.perseus-grc2.xml,0,0
tlg0014.tlg052.perseus-eng2.xml,0,0
tlg0014.tlg052.perseus-grc2.xml,0,0
tlg0014.tlg055.perseus-grc2.xml,0,0
tlg0014.tlg055.perseus-eng2.xml,0,0
tlg0014.tlg001.perseus-grc2.xml,0,0
tlg0014.tlg001.perseus-eng2.xml,1,0
tlg0014.tlg039.perseus-eng2.xml,5,0
tlg0014.tlg039.perseus-grc2.xml,0,0
tlg0014.tlg006.perseus-eng2.xml,5,0
tlg0014.tlg006.perseus-grc2.xml,0,0
tlg0014.tlg030.perseus-grc2.xml,0,0
tlg0014.tlg030.perseus-eng2.xml,3,0
tlg0014.tlg008.perseus-eng2.xml,4,0
tlg0014.tlg008.perseus-grc2.xml,0,0
tlg0014.tlg037.perseus-eng2.xml,7,0
tlg0014.tlg037.perseus-grc2.xml,0,0
tlg0014.tlg015.perseus-grc2.xml,0,0
tlg0014.tlg015.perseus-eng2.xml,1,0
tlg0014.tlg012.perseus-eng2.xml,11,0
tlg0014.tlg012.perseus-grc2.xml,0,0
tlg0014.tlg024.perseus-grc2.xml,0,0
tlg0014.tlg024.perseus-eng2.xml,2,0
tlg0014.tlg023.perseus-eng2.xml,1,0
tlg0014.tlg023.perseus-grc2.xml,0,0
tlg0014.tlg048.perseus-eng2.xml,1,0
tlg0014.tlg048.perseus-grc2.xml,0,0
tlg0014.tlg046.perseus-eng2.xml,5,0
tlg0014.tlg046.perseus-grc2.xml,0,0
tlg0014.tlg041.perseus-grc2.xml,0,0
tlg0014.tlg041.perseus-eng2.xml,1,0
tlg0014.tlg022.perseus-eng2.xml,2,0
tlg0014.tlg022.perseus-grc2.xml,0,0
tlg0014.tlg025.perseus-grc2.xml,0,0
tlg0014.tlg025.perseus-eng2.xml,7,0
tlg0014.tlg013.perseus-eng2.xml,3,0
tlg0014.tlg013.perseus-grc2.xml,0,0
tlg0014.tlg014.perseus-grc2.xml,0,0
tlg0014.tlg014.perseus-eng2.xml,1,0
tlg0014.tlg040.perseus-grc2.xml,0,0
tlg0014.tlg040.perseus-eng2.xml,9,0
tlg0014.tlg047.perseus-eng2.xml,4,0
tlg0014.tlg047.perseus-grc2.xml,0,0
tlg0014.tlg049.perseus-eng2.xml,1,0
tlg0014.tlg049.perseus-grc2.xml,0,0
tlg0014.tlg032.perseus-eng2.xml,4,0
tlg0014.tlg032.perseus-grc2.xml,0,0
tlg0014.tlg035.perseus-grc2.xml,0,0
tlg0014.tlg035.perseus-eng2.xml,12,0
tlg0014.tlg003.perseus-eng2.xml,2,0
tlg0014.tlg003.perseus-grc2.xml,0,0
tlg0014.tlg004.perseus-grc2.xml,0,0
tlg0014.tlg004.perseus-eng2.xml,2,0
tlg0014.tlg050.perseus-grc2.xml,0,0
tlg0014.tlg050.perseus-eng2.xml,3,0
tlg0014.tlg057.perseus-eng2.xml,3,0
tlg0014.tlg057.perseus-grc2.xml,0,0
tlg0014.tlg061.perseus-grc2.xml,0,0
tlg0014.tlg061.perseus-eng2.xml,38,0
tlg0014.tlg059.perseus-eng2.xml,23,0
tlg0014.tlg059.perseus-grc2.xml,1,0
tlg0014.tlg005.perseus-grc2.xml,0,0
tlg0014.tlg005.perseus-eng2.xml,0,0
tlg0014.tlg002.perseus-eng2.xml,0,0
tlg0014.tlg002.perseus-grc2.xml,0,0
tlg0014.tlg034.perseus-grc2.xml,0,0
tlg0014.tlg034.perseus-eng2.xml,5,0
tlg0014.tlg033.perseus-eng2.xml,0,0
tlg0014.tlg033.perseus-grc2.xml,0,0
tlg0014.tlg058.perseus-eng2.xml,4,0
tlg0014.tlg058.perseus-grc2.xml,0,0
tlg0014.tlg060.perseus-grc2.xml,0,0
tlg0014.tlg060.perseus-eng2.xml,57,0
tlg0014.tlg056.perseus-eng2.xml,3,0
tlg0014.tlg056.perseus-grc2.xml,0,0
tlg0014.tlg051.perseus-grc2.xml,0,0
tlg0014.tlg051.perseus-eng2.xml,1,0
tlg0014.tlg042.perseus-eng2.xml,4,0
tlg0014.tlg042.perseus-grc2.xml,0,0
tlg0014.tlg045.perseus-grc2.xml,0,0
tlg0014.tlg045.perseus-eng2.xml,10,0
tlg0014.tlg011.perseus-grc2.xml,0,0
tlg0014.tlg011.perseus-eng2.xml,0,0
tlg0014.tlg016.perseus-eng2.xml,1,0
tlg0014.tlg016.perseus-grc2.xml,0,0
tlg0014.tlg029.perseus-eng2.xml,9,0
tlg0014.tlg029.perseus-grc2.xml,0,0
tlg0014.tlg020.perseus-grc2.xml,0,0
tlg0014.tlg020.perseus-eng2.xml,15,0
tlg0014.tlg027.perseus-eng2.xml,2,0
tlg0014.tlg027.perseus-grc2.xml,0,0
tlg0014.tlg018.perseus-eng2.xml,12,3
tlg0014.tlg018.perseus-grc2.xml,4,1
tlg0014.tlg044.perseus-grc2.xml,0,0
tlg0014.tlg044.perseus-eng2.xml,3,0
tlg0014.tlg043.perseus-eng2.xml,6,0
tlg0014.tlg043.perseus-grc2.xml,0,0
tlg0014.tlg026.perseus-eng2.xml,0,0
tlg0014.tlg026.perseus-grc2.xml,0,0
tlg0014.tlg019.perseus-eng2.xml,15,4
tlg0014.tlg019.perseus-grc2.xml,4,1
tlg0014.tlg021.perseus-grc2.xml,2,2
tlg0014.tlg021.perseus-eng2.xml,15,0
tlg0014.tlg017.perseus-eng2.xml,3,0
tlg0014.tlg017.perseus-grc2.xml,0,0
tlg0014.tlg028.perseus-eng2.xml,5,0
tlg0014.tlg028.perseus-grc2.xml,0,0
tlg0014.tlg010.perseus-grc2.xml,0,0
tlg0014.tlg010.perseus-eng2.xml,10,0
tlg0013.tlg009.perseus-eng2.xml,0,0
tlg0013.tlg009.perseus-grc2.xml,0,0
tlg0013.tlg031.perseus-grc2.xml,0,0
tlg0013.tlg031.perseus-eng2.xml,0,0
tlg0013.tlg007.perseus-eng2.xml,0,0
tlg0013.tlg007.perseus-grc2.xml,0,0
tlg0013.tlg001.perseus-grc2.xml,0,0
tlg0013.tlg001.perseus-eng2.xml,0,0
tlg0013.tlg006.perseus-eng2.xml,0,0
tlg0013.tlg006.perseus-grc2.xml,0,0
tlg0013.tlg030.perseus-grc2.xml,0,0
tlg0013.tlg030.perseus-eng2.xml,0,0
tlg0013.tlg008.perseus-eng2.xml,0,0
tlg0013.tlg008.perseus-grc2.xml,0,0
tlg0013.tlg015.perseus-grc2.xml,0,0
tlg0013.tlg015.perseus-eng2.xml,0,0
tlg0013.tlg012.perseus-eng2.xml,0,0
tlg0013.tlg012.perseus-grc2.xml,0,0
tlg0013.tlg024.perseus-grc2.xml,0,0
tlg0013.tlg024.perseus-eng2.xml,0,0
tlg0013.tlg023.perseus-eng2.xml,0,0
tlg0013.tlg023.perseus-grc2.xml,0,0
tlg0013.tlg022.perseus-eng2.xml,0,0
tlg0013.tlg022.perseus-grc2.xml,0,0
tlg0013.tlg025.perseus-grc2.xml,0,0
tlg0013.tlg025.perseus-eng2.xml,0,0
tlg0013.tlg013.perseus-eng2.xml,0,0
tlg0013.tlg013.perseus-grc2.xml,0,0
tlg0013.tlg014.perseus-grc2.xml,0,0
tlg0013.tlg014.perseus-eng2.xml,0,0
tlg0013.tlg032.perseus-eng2.xml,0,0
tlg0013.tlg032.perseus-grc2.xml,0,0
tlg0013.tlg003.perseus-eng2.xml,0,0
tlg0013.tlg003.perseus-grc2.xml,0,0
tlg0013.tlg004.perseus-grc2.xml,0,0
tlg0013.tlg004.perseus-eng2.xml,0,0
tlg0013.tlg005.perseus-grc2.xml,0,0
tlg0013.tlg005.perseus-eng2.xml,2,0
tlg0013.tlg002.perseus-eng2.xml,1,0
tlg0013.tlg002.perseus-grc2.xml,0,0
tlg0013.tlg033.perseus-eng2.xml,0,0
tlg0013.tlg033.perseus-grc2.xml,0,0
tlg0013.tlg011.perseus-grc2.xml,0,0
tlg0013.tlg011.perseus-eng2.xml,0,0
tlg0013.tlg016.perseus-eng2.xml,0,0
tlg0013.tlg016.perseus-grc2.xml,0,0
tlg0013.tlg029.perseus-eng2.xml,0,0
tlg0013.tlg029.perseus-grc2.xml,0,0
tlg0013.tlg020.perseus-grc2.xml,0,0
tlg0013.tlg020.perseus-eng2.xml,0,0
tlg0013.tlg027.perseus-eng2.xml,0,0
tlg0013.tlg027.perseus-grc2.xml,0,0
tlg0013.tlg018.perseus-eng2.xml,0,0
tlg0013.tlg018.perseus-grc2.xml,0,0
tlg0013.tlg026.perseus-eng2.xml,0,0
tlg0013.tlg026.perseus-grc2.xml,0,0
tlg0013.tlg019.perseus-eng2.xml,2,0
tlg0013.tlg019.perseus-grc2.xml,0,0
tlg0013.tlg021.perseus-grc2.xml,0,0
tlg0013.tlg021.perseus-eng2.xml,0,0
tlg0013.tlg017.perseus-eng2.xml,0,0
tlg0013.tlg017.perseus-grc2.xml,0,0
tlg0013.tlg028.perseus-eng2.xml,0,0
tlg0013.tlg028.perseus-grc2.xml,0,0
tlg0013.tlg010.perseus-grc2.xml,0,0
tlg0013.tlg010.perseus-eng2.xml,0,0
tlg1799.tlg001.perseus-eng2.xml,9,0
tlg1799.tlg001.perseus-grc2.xml,0,0
tlg0627.tlg009.perseus-eng2.xml,0,0
tlg0627.tlg009.perseus-grc2.xml,0,0
tlg0627.tlg007.perseus-eng2.xml,0,0
tlg0627.tlg007.perseus-grc2.xml,0,0
tlg0627.tlg001.perseus-grc2.xml,0,0
tlg0627.tlg001.perseus-eng3.xml,0,0
tlg0627.tlg001.perseus-eng4.xml,0,0
tlg0627.tlg006.perseus-eng4.xml,0,0
tlg0627.tlg006.perseus-eng3.xml,0,0
tlg0627.tlg006.perseus-grc2.xml,0,0
tlg0627.tlg030.perseus-grc2.xml,0,0
tlg0627.tlg030.perseus-eng2.xml,0,0
tlg0627.tlg008.perseus-eng2.xml,0,0
tlg0627.tlg008.perseus-grc2.xml,0,0
tlg0627.tlg012.perseus-eng2.xml,0,0
tlg0627.tlg012.perseus-grc2.xml,0,0
tlg0627.tlg046.perseus-eng2.xml,0,0
tlg0627.tlg046.perseus-grc2.xml,0,0
tlg0627.tlg013.perseus-eng5.xml,0,0
tlg0627.tlg013.perseus-eng4.xml,0,0
tlg0627.tlg013.perseus-grc2.xml,0,0
tlg0627.tlg014.perseus-eng2.xml,0,0
tlg0627.tlg003.perseus-eng2.xml,0,0
tlg0627.tlg003.perseus-grc2.xml,0,0
tlg0627.tlg004.perseus-grc2.xml,0,0
tlg0627.tlg004.perseus-eng2.xml,0,0
tlg0627.tlg005.perseus-grc2.xml,0,0
tlg0627.tlg002.perseus-eng3.xml,0,0
tlg0627.tlg002.perseus-eng4.xml,0,0
tlg0627.tlg002.perseus-grc2.xml,0,0
tlg0627.tlg051.perseus-grc2.xml,0,0
tlg0627.tlg051.perseus-eng2.xml,0,0
tlg0627.tlg011.perseus-grc2.xml,0,0
tlg0627.tlg011.perseus-eng2.xml,0,0
tlg0627.tlg029.perseus-eng2.xml,0,0
tlg0627.tlg029.perseus-grc2.xml,0,0
tlg0627.tlg027.perseus-eng2.xml,0,0
tlg0627.tlg027.perseus-grc2.xml,0,0
tlg0627.tlg028.perseus-eng2.xml,0,0
tlg0627.tlg028.perseus-grc2.xml,0,0
tlg0627.tlg010.perseus-grc2.xml,0,0
tlg0627.tlg010.perseus-eng2.xml,0,0
tlg0085.tlg007.perseus-grc2.xml,0,0
tlg0085.tlg007.perseus-eng2.xml,2,0
tlg0085.tlg001.perseus-eng2.xml,2,0
tlg0085.tlg001.perseus-grc2.xml,0,0
tlg0085.tlg006.perseus-grc2.xml,0,0
tlg0085.tlg006.perseus-eng2.xml,3,0
tlg0085.tlg003.perseus-grc2.xml,0,0
tlg0085.tlg003.perseus-eng2.xml,4,0
tlg0085.tlg004.perseus-eng2.xml,1,0
tlg0085.tlg004.perseus-grc2.xml,0,0
tlg0085.tlg005.perseus-eng4.xml,5,5
tlg0085.tlg005.perseus-eng3.xml,2,0
tlg0085.tlg005.perseus-grc2.xml,0,0
tlg0085.tlg002.perseus-grc2.xml,0,0
tlg0085.tlg002.perseus-eng2.xml,3,0
tlg0023.tlg001.perseus-grc2.xml,0,0
tlg0024.tlg001.perseus-grc2.xml,0,0
tlg0012.tlg001.perseus-eng4.xml,1,0
tlg0012.tlg001.perseus-eng3.xml,0,0
tlg0012.tlg001.perseus-grc2.xml,0,0
tlg0012.tlg003.perseus-grc1.xml,1,0
tlg0012.tlg003.perseus-eng1.xml,1,0
tlg0012.tlg002.perseus-grc2.xml,0,0
tlg0012.tlg002.perseus-eng4.xml,1,0
tlg0012.tlg002.perseus-eng3.xml,0,0
tlg0561.tlg001.perseus-grc2.xml,0,0
tlg2003.tlg009.perseus-grc2.xml,0,0
tlg2003.tlg007.perseus-grc2.xml,0,0
tlg2003.tlg001.perseus-grc2.xml,0,0
tlg2003.tlg006.perseus-grc2.xml,0,0
tlg2003.tlg008.perseus-grc2.xml,0,0
tlg2003.tlg012.perseus-grc2.xml,0,0
tlg2003.tlg013.perseus-grc2.xml,0,0
tlg2003.tlg003.perseus-grc2.xml,0,0
tlg2003.tlg004.perseus-grc2.xml,0,0
tlg2003.tlg005.perseus-grc2.xml,0,0
tlg2003.tlg002.perseus-grc2.xml,0,0
tlg2003.tlg011.perseus-grc2.xml,0,0
tlg2003.tlg017.perseus-grc2.xml,0,0
tlg2003.tlg010.perseus-grc2.xml,0,0
tlg1216.tlg001.perseus-eng1.xml,0,0
tlg1216.tlg001.perseus-grc2.xml,142,0
tlg0557.tlg001.perseus-grc2.xml,0,0
tlg0557.tlg001.perseus-eng3.xml,128,47
tlg0557.tlg001.perseus-eng4.xml,44,32
tlg0557.tlg003a.perseus-eng4.xml,0,0
tlg0557.tlg003a.perseus-eng3.xml,5,1
tlg0557.tlg003.perseus-grc2.xml,0,0
tlg0557.tlg004.perseus-grc2.xml,0,0
tlg0557.tlg005.perseus-grc2.xml,0,0
tlg0557.tlg002.perseus-eng3.xml,2,1
tlg0557.tlg002.perseus-eng4.xml,4,4
tlg0557.tlg002.perseus-grc2.xml,0,0
tlg0532.tlg001.perseus-grc2.xml,0,0
tlg0363.tlg007.perseus-grc2.xml,0,0
tlg0535.tlg001.perseus-grc2.xml,0,0
tlg0535.tlg001.perseus-eng2.xml,6,0
tlg0556.tlg001.perseus-grc2.xml,0,0
tlg1484.tlg001.perseus-eng1.xml,0,0
tlg0551.tlg009.perseus-grc2.xml,0,0
tlg0551.tlg009.perseus-eng2.xml,0,0
tlg0551.tlg007.perseus-grc2.xml,0,0
tlg0551.tlg007.perseus-eng2.xml,0,0
tlg0551.tlg001.perseus-eng2.xml,0,0
tlg0551.tlg006.perseus-grc2.xml,7,7
tlg0551.tlg006.perseus-eng2.xml,7,7
tlg0551.tlg008.perseus-grc2.xml,0,0
tlg0551.tlg008.perseus-eng2.xml,0,0
tlg0551.tlg012.perseus-grc2.xml,0,0
tlg0551.tlg012.perseus-eng2.xml,0,0
tlg0551.tlg013.perseus-grc2.xml,0,0
tlg0551.tlg013.perseus-eng2.xml,0,0
tlg0551.tlg014.perseus-eng2.xml,0,0
tlg0551.tlg014.perseus-grc2.xml,0,0
tlg0551.tlg003.perseus-grc2.xml,10,10
tlg0551.tlg003.perseus-eng2.xml,10,10
tlg0551.tlg004.perseus-eng2.xml,12,12
tlg0551.tlg004.perseus-grc2.xml,12,12
tlg0551.tlg005.perseus-eng2.xml,21,21
tlg0551.tlg005.perseus-grc2.xml,21,21
tlg0551.tlg002.perseus-grc2.xml,13,13
tlg0551.tlg002.perseus-eng2.xml,13,13
tlg0551.tlg011.perseus-eng2.xml,19,19
tlg0551.tlg011.perseus-grc2.xml,19,19
tlg0551.tlg017.perseus-grc2.xml,0,0
tlg0551.tlg017.perseus-eng2.xml,5,1
tlg0551.tlg010.perseus-eng2.xml,5,5
tlg0551.tlg010.perseus-grc2.xml,5,5
tlg0560.tlg001.perseus-grc2.xml,0,0
tlg0533.tlg015.perseus-grc4.xml,0,0
tlg0533.tlg015.perseus-grc3.xml,0,0
tlg0533.tlg003.perseus-grc2.xml,0,0
tlg0533.tlg004.perseus-grc2.xml,64,0
tlg0533.tlg016.perseus-grc4.xml,0,0
tlg0533.tlg016.perseus-grc3.xml,0,0
tlg0533.tlg020.perseus-grc4.xml,0,0
tlg0533.tlg020.perseus-grc3.xml,0,0
tlg0533.tlg018.perseus-grc3.xml,0,0
tlg0533.tlg018.perseus-grc4.xml,0,0
tlg0533.tlg019.perseus-grc3.xml,0,0
tlg0533.tlg019.perseus-grc4.xml,0,0
tlg0533.tlg017.perseus-grc4.xml,0,0
tlg0533.tlg017.perseus-grc3.xml,0,0
tlg2045.tlg001.perseus-grc2.xml,0,0
tlg0385.tlg001.perseus-grc2.xml,2,2
tlg0527.tlg053.perseus-eng2.xml,0,0
tlg0527.tlg036.perseus-eng2.xml,0,0
tlg0527.tlg031.perseus-eng2.xml,0,0
tlg0527.tlg038.perseus-eng2.xml,0,0
tlg0527.tlg001.perseus-eng2.xml,0,0
tlg0527.tlg039.perseus-eng2.xml,0,0
tlg0527.tlg006.perseus-eng2.xml,0,0
tlg0527.tlg030.perseus-eng2.xml,0,0
tlg0527.tlg008.perseus-eng2.xml,0,0
tlg0527.tlg037.perseus-eng2.xml,0,0
tlg0527.tlg015.perseus-eng2.xml,0,0
tlg0527.tlg012.perseus-eng2.xml,0,0
tlg0527.tlg048.perseus-eng2.xml,0,0
tlg0527.tlg046.perseus-eng2.xml,0,0
tlg0527.tlg041.perseus-eng2.xml,0,0
tlg0527.tlg013.perseus-eng2.xml,0,0
tlg0527.tlg014.perseus-eng2.xml,0,0
tlg0527.tlg040.perseus-eng2.xml,0,0
tlg0527.tlg047.perseus-eng2.xml,0,0
tlg0527.tlg049.perseus-eng2.xml,0,0
tlg0527.tlg032.perseus-eng2.xml,0,0
tlg0527.tlg003.perseus-eng2.xml,0,0
tlg0527.tlg004.perseus-eng2.xml,0,0
tlg0527.tlg005.perseus-eng2.xml,0,0
tlg0527.tlg002.perseus-eng2.xml,0,0
tlg0527.tlg056.perseus-eng2.xml,0,0
tlg0527.tlg051.perseus-eng2.xml,0,0
tlg0527.tlg042.perseus-eng2.xml,0,0
tlg0527.tlg045.perseus-eng2.xml,0,0
tlg0527.tlg011.perseus-eng2.xml,0,0
tlg0527.tlg016.perseus-eng2.xml,0,0
tlg0527.tlg029.perseus-eng2.xml,0,0
tlg0527.tlg027.perseus-eng2.xml,0,0
tlg0527.tlg018.perseus-eng3.xml,0,0
tlg0527.tlg018.perseus-eng4.xml,0,0
tlg0527.tlg044.perseus-eng2.xml,0,0
tlg0527.tlg043.perseus-eng2.xml,0,0
tlg0527.tlg019.perseus-eng2.xml,0,0
tlg0527.tlg010.perseus-eng2.xml,0,0
tlg2018.tlg002.perseus-grc2.xml,700,0
tlg0545.tlg001.perseus-grc2.xml,0,0
tlg0545.tlg003.perseus-grc2.xml,0,0
tlg0545.tlg002.perseus-grc2.xml,0,0
tlg0341.tlg002.perseus-grc2.xml,0,0
tlg0526.tlg001.perseus-grc2.xml,0,0
tlg0526.tlg001.perseus-eng2.xml,0,0
tlg0526.tlg003.perseus-eng2.xml,0,0
tlg0526.tlg003.perseus-grc2.xml,0,0
tlg0526.tlg004.perseus-grc2.xml,0,0
tlg0526.tlg004.perseus-eng2.xml,0,0
tlg0526.tlg002.perseus-eng2.xml,0,0
tlg0526.tlg002.perseus-grc2.xml,0,0
tlg0543.tlg001.perseus-grc2.xml,0,0
tlg0543.tlg001.perseus-eng2.xml,501,19
tlg4091.tlg001.perseus-grc2.xml,0,0
tlg0099.tlg001.perseus-eng3.xml,910,1
tlg0099.tlg001.perseus-eng4.xml,607,394
tlg0099.tlg001.perseus-grc2.xml,412,1
tlg0090.tlg001.opp-grc1.xml,0,0
tlg0090.tlg001.opp-lat1.xml,0,0
tlg0008.tlg001.perseus-grc3.xml,5271,167
tlg0008.tlg001.perseus-grc4.xml,25,0
tlg0008.tlg001.perseus-eng2.xml,44,43
tlg0030.tlg001.perseus-eng2.xml,12,0
tlg0030.tlg001.perseus-grc2.xml,2,0
tlg0030.tlg006.perseus-grc2.xml,0,0
tlg0030.tlg006.perseus-eng2.xml,3,0
tlg0030.tlg003.perseus-grc2.xml,1,0
tlg0030.tlg003.perseus-eng2.xml,21,0
tlg0030.tlg004.perseus-eng2.xml,19,0
tlg0030.tlg004.perseus-grc2.xml,0,0
tlg0030.tlg005.perseus-eng2.xml,24,0
tlg0030.tlg005.perseus-grc2.xml,4,0
tlg0030.tlg002.perseus-grc2.xml,7,0
tlg0030.tlg002.perseus-eng2.xml,12,0
tlg4036.tlg023.cypria-grc1.xml,0,0
tlg0006.tlg009.perseus-grc2.xml,0,0
tlg0006.tlg009.perseus-eng2.xml,0,0
tlg0006.tlg007.perseus-grc2.xml,0,0
tlg0006.tlg007.perseus-eng2.xml,0,0
tlg0006.tlg001.perseus-eng2.xml,0,0
tlg0006.tlg001.perseus-grc2.xml,0,0
tlg0006.tlg006.perseus-grc2.xml,0,0
tlg0006.tlg006.perseus-eng2.xml,0,0
tlg0006.tlg008.perseus-grc2.xml,0,0
tlg0006.tlg008.perseus-eng2.xml,0,0
tlg0006.tlg015.perseus-eng2.xml,0,0
tlg0006.tlg015.perseus-grc2.xml,0,0
tlg0006.tlg012.perseus-grc2.xml,0,0
tlg0006.tlg012.perseus-eng2.xml,0,0
tlg0006.tlg013.perseus-grc2.xml,0,0
tlg0006.tlg013.perseus-eng2.xml,0,0
tlg0006.tlg014.perseus-eng2.xml,0,0
tlg0006.tlg014.perseus-grc2.xml,0,0
tlg0006.tlg003.perseus-grc2.xml,0,0
tlg0006.tlg003.perseus-eng2.xml,0,0
tlg0006.tlg004.perseus-eng2.xml,0,0
tlg0006.tlg004.perseus-grc2.xml,0,0
tlg0006.tlg005.perseus-eng2.xml,0,0
tlg0006.tlg005.perseus-grc2.xml,0,0
tlg0006.tlg002.perseus-grc2.xml,0,0
tlg0006.tlg002.perseus-eng2.xml,0,0
tlg0006.tlg011.perseus-eng2.xml,0,0
tlg0006.tlg011.perseus-grc2.xml,0,0
tlg0006.tlg016.perseus-grc2.xml,0,0
tlg0006.tlg016.perseus-eng2.xml,0,0
tlg0006.tlg018.perseus-grc2.xml,0,0
tlg0006.tlg018.perseus-eng2.xml,0,0
tlg0006.tlg019.perseus-grc2.xml,0,0
tlg0006.tlg019.perseus-eng3.xml,0,0
tlg0006.tlg019.perseus-eng4.xml,0,0
tlg0006.tlg017.perseus-grc2.xml,0,0
tlg0006.tlg017.perseus-eng2.xml,0,0
tlg0006.tlg010.perseus-eng2.xml,0,0
tlg0006.tlg010.perseus-grc2.xml,0,0
tlg0001.tlg001.perseus-grc2.xml,0,0
tlg0062.tlg054.perseus-grc2.xml,0,0
tlg0062.tlg054.perseus-grc3.xml,0,0
tlg0062.tlg054.perseus-eng4.xml,0,0
tlg0062.tlg054.perseus-eng3.xml,0,0
tlg0062.tlg053.perseus-eng3.xml,0,0
tlg0062.tlg053.perseus-eng4.xml,0,0
tlg0062.tlg053.perseus-grc3.xml,0,0
tlg0062.tlg053.perseus-grc2.xml,0,0
tlg0062.tlg065.perseus-grc3.xml,0,0
tlg0062.tlg065.perseus-grc2.xml,0,0
tlg0062.tlg065.perseus-eng3.xml,0,0
tlg0062.tlg065.perseus-eng4.xml,0,0
tlg0062.tlg062.perseus-eng4.xml,0,0
tlg0062.tlg062.perseus-eng3.xml,0,0
tlg0062.tlg062.perseus-grc2.xml,0,0
tlg0062.tlg062.perseus-grc3.xml,0,0
tlg0062.tlg009.perseus-eng2.xml,0,0
tlg0062.tlg009.perseus-eng4.xml,0,0
tlg0062.tlg009.perseus-grc2.xml,0,0
tlg0062.tlg036.perseus-eng2.xml,2,2
tlg0062.tlg036.perseus-eng4.xml,0,0
tlg0062.tlg036.perseus-grc2.xml,0,0
tlg0062.tlg031.perseus-grc2.xml,0,0
tlg0062.tlg031.perseus-eng4.xml,0,0
tlg0062.tlg031.perseus-eng2.xml,0,0
tlg0062.tlg038.perseus-eng4.xml,0,0
tlg0062.tlg038.perseus-eng2.xml,1,1
tlg0062.tlg038.perseus-grc2.xml,0,0
tlg0062.tlg007.perseus-eng4.xml,0,0
tlg0062.tlg007.perseus-eng2.xml,4,4
tlg0062.tlg007.perseus-grc2.xml,1,1
tlg0062.tlg063.perseus-eng4.xml,0,0
tlg0062.tlg063.perseus-eng3.xml,0,0
tlg0062.tlg063.perseus-grc3.xml,0,0
tlg0062.tlg063.perseus-grc2.xml,0,0
tlg0062.tlg064.perseus-grc2.xml,0,0
tlg0062.tlg064.perseus-grc3.xml,0,0
tlg0062.tlg064.perseus-eng3.xml,0,0
tlg0062.tlg064.perseus-eng4.xml,0,0
tlg0062.tlg052.perseus-eng2.xml,0,0
tlg0062.tlg052.perseus-eng4.xml,0,0
tlg0062.tlg052.perseus-grc2.xml,0,0
tlg0062.tlg055.perseus-grc3.xml,0,0
tlg0062.tlg055.perseus-grc2.xml,0,0
tlg0062.tlg055.perseus-eng4.xml,0,0
tlg0062.tlg055.perseus-eng3.xml,0,0
tlg0062.tlg001.perseus-grc2.xml,0,0
tlg0062.tlg001.perseus-eng2.xml,0,0
tlg0062.tlg001.perseus-eng4.xml,0,0
tlg0062.tlg039.perseus-eng4.xml,0,0
tlg0062.tlg039.perseus-eng2.xml,0,0
tlg0062.tlg039.perseus-grc2.xml,0,0
tlg0062.tlg006.perseus-eng4.xml,0,0
tlg0062.tlg006.perseus-eng2.xml,3,3
tlg0062.tlg006.perseus-grc2.xml,2,2
tlg0062.tlg030.perseus-grc2.xml,0,0
tlg0062.tlg030.perseus-eng4.xml,0,0
tlg0062.tlg030.perseus-eng2.xml,9,9
tlg0062.tlg008.perseus-eng2.xml,1,1
tlg0062.tlg008.perseus-eng4.xml,0,0
tlg0062.tlg008.perseus-grc2.xml,0,0
tlg0062.tlg037.perseus-eng2.xml,0,0
tlg0062.tlg037.perseus-eng4.xml,1,1
tlg0062.tlg037.perseus-grc2.xml,0,0
tlg0062.tlg015.perseus-grc2.xml,0,0
tlg0062.tlg015.perseus-eng2.xml,7,7
tlg0062.tlg015.perseus-eng4.xml,0,0
tlg0062.tlg012.perseus-eng5.xml,0,0
tlg0062.tlg012.perseus-eng4.xml,0,0
tlg0062.tlg012.perseus-eng2.xml,0,0
tlg0062.tlg012.perseus-grc2.xml,0,0
tlg0062.tlg024.perseus-grc2.xml,0,0
tlg0062.tlg024.perseus-eng5.xml,0,0
tlg0062.tlg024.perseus-eng4.xml,0,0
tlg0062.tlg024.perseus-eng2.xml,1,1
tlg0062.tlg023.perseus-eng2.xml,6,6
tlg0062.tlg023.perseus-eng4.xml,0,0
tlg0062.tlg023.perseus-grc2.xml,0,0
tlg0062.tlg048.perseus-eng2.xml,1,1
tlg0062.tlg048.perseus-grc2.xml,0,0
tlg0062.tlg070.perseus-grc2.xml,0,0
tlg0062.tlg070.perseus-eng4.xml,0,0
tlg0062.tlg046.perseus-eng2.xml,0,0
tlg0062.tlg046.perseus-eng4.xml,0,0
tlg0062.tlg046.perseus-grc2.xml,0,0
tlg0062.tlg041.perseus-grc2.xml,0,0
tlg0062.tlg041.perseus-eng2.xml,0,0
tlg0062.tlg022.perseus-eng2.xml,2,2
tlg0062.tlg022.perseus-eng4.xml,0,0
tlg0062.tlg022.perseus-grc2.xml,0,0
tlg0062.tlg025.perseus-grc2.xml,0,0
tlg0062.tlg025.perseus-eng4.xml,0,0
tlg0062.tlg025.perseus-eng2.xml,14,14
tlg0062.tlg013.perseus-eng4.xml,0,0
tlg0062.tlg013.perseus-eng2.xml,2,2
tlg0062.tlg013.perseus-grc2.xml,0,0
tlg0062.tlg014.perseus-grc2.xml,0,0
tlg0062.tlg014.perseus-eng2.xml,0,0
tlg0062.tlg014.perseus-eng4.xml,0,0
tlg0062.tlg040.perseus-grc2.xml,0,0
tlg0062.tlg040.perseus-eng4.xml,0,0
tlg0062.tlg040.perseus-eng2.xml,7,7
tlg0062.tlg047.perseus-eng2.xml,0,0
tlg0062.tlg047.perseus-grc2.xml,0,0
tlg0062.tlg071.perseus-grc2.xml,0,0
tlg0062.tlg049.perseus-eng2.xml,1,1
tlg0062.tlg049.perseus-grc2.xml,0,0
tlg0062.tlg032.perseus-eng2.xml,0,0
tlg0062.tlg032.perseus-grc2.xml,0,0
tlg0062.tlg035.perseus-grc2.xml,0,0
tlg0062.tlg035.perseus-eng2.xml,4,4
tlg0062.tlg035.perseus-eng4.xml,0,0
tlg0062.tlg003.perseus-eng2.xml,0,0
tlg0062.tlg003.perseus-eng4.xml,0,0
tlg0062.tlg003.perseus-grc2.xml,0,0
tlg0062.tlg004.perseus-grc2.xml,0,0
tlg0062.tlg004.perseus-eng4.xml,0,0
tlg0062.tlg004.perseus-eng2.xml,4,4
tlg0062.tlg050.perseus-grc2.xml,0,0
tlg0062.tlg050.perseus-eng2.xml,0,0
tlg0062.tlg050.perseus-eng4.xml,0,0
tlg0062.tlg057.perseus-eng4.xml,0,0
tlg0062.tlg057.perseus-eng3.xml,0,0
tlg0062.tlg057.perseus-grc2.xml,0,0
tlg0062.tlg057.perseus-grc3.xml,0,0
tlg0062.tlg068.perseus-eng4.xml,0,0
tlg0062.tlg068.perseus-eng3.xml,0,0
tlg0062.tlg068.perseus-grc3.xml,0,0
tlg0062.tlg068.perseus-grc2.xml,0,0
tlg0062.tlg061.perseus-grc2.xml,0,0
tlg0062.tlg061.perseus-grc3.xml,0,0
tlg0062.tlg061.perseus-eng4.xml,0,0
tlg0062.tlg061.perseus-eng3.xml,0,0
tlg0062.tlg066.perseus-eng3.xml,0,0
tlg0062.tlg066.perseus-eng4.xml,0,0
tlg0062.tlg066.perseus-grc3.xml,0,0
tlg0062.tlg066.perseus-grc2.xml,0,0
tlg0062.tlg059.perseus-eng3.xml,0,0
tlg0062.tlg059.perseus-eng4.xml,0,0
tlg0062.tlg059.perseus-grc2.xml,0,0
tlg0062.tlg059.perseus-grc3.xml,0,0
tlg0062.tlg005.perseus-grc2.xml,0,0
tlg0062.tlg005.perseus-eng4.xml,0,0
tlg0062.tlg005.perseus-eng2.xml,0,0
tlg0062.tlg002.perseus-eng2.xml,0,0
tlg0062.tlg002.perseus-grc2.xml,0,0
tlg0062.tlg034.perseus-grc2.xml,0,0
tlg0062.tlg034.perseus-eng2.xml,0,0
tlg0062.tlg034.perseus-eng4.xml,0,0
tlg0062.tlg033.perseus-eng4.xml,0,0
tlg0062.tlg033.perseus-eng2.xml,4,4
tlg0062.tlg033.perseus-grc2.xml,0,0
tlg0062.tlg067.perseus-eng3.xml,0,0
tlg0062.tlg067.perseus-eng4.xml,0,0
tlg0062.tlg067.perseus-grc2.xml,0,0
tlg0062.tlg067.perseus-grc3.xml,0,0
tlg0062.tlg058.perseus-eng3.xml,0,0
tlg0062.tlg058.perseus-eng4.xml,0,0
tlg0062.tlg058.perseus-grc3.xml,0,0
tlg0062.tlg058.perseus-grc2.xml,0,0
tlg0062.tlg060.perseus-grc3.xml,0,0
tlg0062.tlg060.perseus-grc2.xml,0,0
tlg0062.tlg060.perseus-eng4.xml,0,0
tlg0062.tlg060.perseus-eng3.xml,0,0
tlg0062.tlg056.perseus-eng4.xml,0,0
tlg0062.tlg056.perseus-eng3.xml,0,0
tlg0062.tlg056.perseus-grc3.xml,0,0
tlg0062.tlg056.perseus-grc2.xml,0,0
tlg0062.tlg069.perseus-eng4.xml,0,0
tlg0062.tlg069.perseus-eng3.xml,0,0
tlg0062.tlg069.perseus-grc2.xml,0,0
tlg0062.tlg069.perseus-grc3.xml,0,0
tlg0062.tlg051.perseus-grc2.xml,0,0
tlg0062.tlg051.perseus-eng2.xml,0,0
tlg0062.tlg051.perseus-eng4.xml,0,0
tlg0062.tlg042.perseus-eng4.xml,0,0
tlg0062.tlg042.perseus-eng2.xml,1,1
tlg0062.tlg042.perseus-grc2.xml,0,0
tlg0062.tlg045.perseus-grc2.xml,0,0
tlg0062.tlg045.perseus-eng2.xml,6,6
tlg0062.tlg045.perseus-eng4.xml,0,0
tlg0062.tlg011.perseus-grc2.xml,0,0
tlg0062.tlg011.perseus-eng2.xml,0,0
tlg0062.tlg016.perseus-eng2.xml,0,0
tlg0062.tlg016.perseus-eng4.xml,0,0
tlg0062.tlg016.perseus-eng5.xml,0,0
tlg0062.tlg016.perseus-grc2.xml,0,0
tlg0062.tlg029.perseus-eng2.xml,1,1
tlg0062.tlg029.perseus-eng5.xml,0,0
tlg0062.tlg029.perseus-eng4.xml,0,0
tlg0062.tlg029.perseus-grc2.xml,0,0
tlg0062.tlg020.perseus-grc2.xml,0,0
tlg0062.tlg020.perseus-eng2.xml,4,4
tlg0062.tlg020.perseus-eng4.xml,0,0
tlg0062.tlg027.perseus-eng4.xml,0,0
tlg0062.tlg027.perseus-eng2.xml,1,1
tlg0062.tlg027.perseus-grc2.xml,0,0
tlg0062.tlg018.perseus-eng4.xml,0,0
tlg0062.tlg018.perseus-eng5.xml,0,0
tlg0062.tlg018.perseus-eng2.xml,7,7
tlg0062.tlg018.perseus-grc2.xml,0,0
tlg0062.tlg044.perseus-grc2.xml,0,0
tlg0062.tlg044.perseus-eng2.xml,0,0
tlg0062.tlg044.perseus-eng5.xml,0,0
tlg0062.tlg044.perseus-eng4.xml,0,0
tlg0062.tlg043.perseus-eng4.xml,0,0
tlg0062.tlg043.perseus-eng2.xml,0,0
tlg0062.tlg043.perseus-grc2.xml,0,0
tlg0062.tlg026.perseus-eng4.xml,0,0
tlg0062.tlg026.perseus-eng2.xml,1,1
tlg0062.tlg026.perseus-grc2.xml,0,0
tlg0062.tlg019.perseus-eng5.xml,0,0
tlg0062.tlg019.perseus-eng4.xml,0,0
tlg0062.tlg019.perseus-eng2.xml,4,4
tlg0062.tlg019.perseus-grc2.xml,0,0
tlg0062.tlg021.perseus-grc2.xml,0,0
tlg0062.tlg021.perseus-eng2.xml,9,9
tlg0062.tlg021.perseus-eng4.xml,0,0
tlg0062.tlg017.perseus-eng2.xml,2,2
tlg0062.tlg017.perseus-eng4.xml,0,0
tlg0062.tlg017.perseus-grc2.xml,0,0
tlg0062.tlg028.perseus-eng2.xml,2,2
tlg0062.tlg028.perseus-eng4.xml,0,0
tlg0062.tlg028.perseus-grc2.xml,0,0
tlg0062.tlg010.perseus-grc2.xml,0,0
tlg0062.tlg010.perseus-eng4.xml,0,0
tlg0062.tlg010.perseus-eng2.xml,1,1
tlg0007.tlg118.perseus-grc2.xml,0,0
tlg0007.tlg118.perseus-eng3.xml,0,0
tlg0007.tlg118.perseus-eng4.xml,0,0
tlg0007.tlg127.perseus-grc3.xml,0,0
tlg0007.tlg127.perseus-eng3.xml,0,0
tlg0007.tlg127.perseus-eng4.xml,0,0
tlg0007.tlg120.perseus-eng4.xml,0,0
tlg0007.tlg120.perseus-eng3.xml,0,0
tlg0007.tlg120.perseus-grc2.xml,0,0
tlg0007.tlg129.perseus-grc2.xml,0,0
tlg0007.tlg129.perseus-eng4.xml,0,0
tlg0007.tlg129.perseus-eng3.xml,0,0
tlg0007.tlg116.perseus-grc2.xml,0,0
tlg0007.tlg116.perseus-eng4.xml,0,0
tlg0007.tlg116.perseus-eng3.xml,0,0
tlg0007.tlg111.perseus-eng2.xml,0,0
tlg0007.tlg111.perseus-grc2.xml,0,0
tlg0007.tlg110.perseus-eng2.xml,0,0
tlg0007.tlg110.perseus-grc2.xml,0,0
tlg0007.tlg128.perseus-grc2.xml,0,0
tlg0007.tlg128.perseus-eng4.xml,0,0
tlg0007.tlg128.perseus-eng3.xml,0,0
tlg0007.tlg117.perseus-grc2.xml,0,0
tlg0007.tlg117.perseus-eng4.xml,0,0
tlg0007.tlg117.perseus-eng3.xml,0,0
tlg0007.tlg121.perseus-eng4.xml,0,0
tlg0007.tlg121.perseus-eng3.xml,0,0
tlg0007.tlg121.perseus-grc2.xml,0,0
tlg0007.tlg119.perseus-grc2.xml,0,0
tlg0007.tlg119.perseus-eng3.xml,0,0
tlg0007.tlg119.perseus-eng4.xml,0,0
tlg0007.tlg126.perseus-grc2.xml,0,0
tlg0007.tlg126.perseus-eng3.xml,227,0
tlg0007.tlg126.perseus-eng4.xml,0,0
tlg0007.tlg054.perseus-grc2.xml,0,0
tlg0007.tlg054.perseus-eng2.xml,41,0
tlg0007.tlg053.perseus-eng2.xml,3,0
tlg0007.tlg053.perseus-grc2.xml,0,0
tlg0007.tlg098.perseus-grc2.xml,0,0
tlg0007.tlg098.perseus-eng4.xml,0,0
tlg0007.tlg098.perseus-eng3.xml,0,0
tlg0007.tlg091.perseus-eng4.xml,0,0
tlg0007.tlg091.perseus-eng3.xml,0,0
tlg0007.tlg091.perseus-grc2.xml,0,0
tlg0007.tlg065.perseus-grc2.xml,0,0
tlg0007.tlg065.perseus-eng2.xml,12,0
tlg0007.tlg062.perseus-eng2.xml,0,0
tlg0007.tlg062.perseus-grc2.xml,0,0
tlg0007.tlg096.perseus-grc2.xml,0,0
tlg0007.tlg096.perseus-eng3.xml,0,0
tlg0007.tlg096.perseus-eng4.xml,20,0
tlg0007.tlg009.perseus-eng2.xml,4,0
tlg0007.tlg009.perseus-grc2.xml,0,0
tlg0007.tlg036.perseus-eng2.xml,5,0
tlg0007.tlg036.perseus-grc2.xml,0,0
tlg0007.tlg031.perseus-grc2.xml,0,0
tlg0007.tlg031.perseus-eng2.xml,19,0
tlg0007.tlg038.perseus-eng2.xml,48,0
tlg0007.tlg038.perseus-grc2.xml,14,14
tlg0007.tlg007.perseus-eng2.xml,66,0
tlg0007.tlg007.perseus-grc2.xml,26,26
tlg0007.tlg097.perseus-grc2.xml,0,0
tlg0007.tlg097.perseus-eng3.xml,0,0
tlg0007.tlg097.perseus-eng4.xml,0,0
tlg0007.tlg063.perseus-eng2.xml,31,0
tlg0007.tlg063.perseus-grc2.xml,0,0
tlg0007.tlg064.perseus-grc2.xml,0,0
tlg0007.tlg064.perseus-eng2.xml,26,0
tlg0007.tlg090.perseus-eng4.xml,0,0
tlg0007.tlg090.perseus-eng3.xml,0,0
tlg0007.tlg090.perseus-grc2.xml,0,0
tlg0007.tlg052.perseus-eng1.xml,21,0
tlg0007.tlg052.perseus-grc1.xml,0,0
tlg0007.tlg099.perseus-grc2.xml,0,0
tlg0007.tlg099.perseus-eng4.xml,0,0
tlg0007.tlg099.perseus-eng3.xml,0,0
tlg0007.tlg055.perseus-grc2.xml,0,0
tlg0007.tlg055.perseus-eng2.xml,69,0
tlg0007.tlg001.perseus-grc2.xml,9,9
tlg0007.tlg001.perseus-eng3.xml,38,0
tlg0007.tlg039.perseus-eng2.xml,18,0
tlg0007.tlg039.perseus-grc2.xml,0,0
tlg0007.tlg006.perseus-eng2.xml,4,0
tlg0007.tlg006.perseus-grc2.xml,0,0
tlg0007.tlg030.perseus-grc2.xml,0,0
tlg0007.tlg030.perseus-eng2.xml,29,0
tlg0007.tlg008.perseus-eng2.xml,31,0
tlg0007.tlg008.perseus-grc2.xml,0,0
tlg0007.tlg037.perseus-eng2.xml,4,0
tlg0007.tlg037.perseus-grc2.xml,0,0
tlg0007.tlg015.perseus-grc2.xml,11,11
tlg0007.tlg015.perseus-eng2.xml,46,0
tlg0007.tlg012.perseus-eng2.xml,41,0
tlg0007.tlg012.perseus-grc2.xml,13,13
tlg0007.tlg024.perseus-grc2.xml,4,2
tlg0007.tlg024.perseus-eng2.xml,14,0
tlg0007.tlg023.perseus-eng2.xml,2,0
tlg0007.tlg023.perseus-grc2.xml,0,0
tlg0007.tlg048.perseus-eng2.xml,95,0
tlg0007.tlg048.perseus-grc2.xml,0,0
tlg0007.tlg083.perseus-grc3.xml,0,0
tlg0007.tlg083.perseus-grc4.xml,0,0
tlg0007.tlg083.perseus-eng3.xml,0,0
tlg0007.tlg083.perseus-eng4.xml,0,0
tlg0007.tlg077.perseus-eng4.xml,3,0
tlg0007.tlg077.perseus-eng3.xml,0,0
tlg0007.tlg077.perseus-grc2.xml,0,0
tlg0007.tlg070.perseus-grc2.xml,0,0
tlg0007.tlg070.perseus-eng3.xml,0,0
tlg0007.tlg070.perseus-eng4.xml,0,0
tlg0007.tlg079.perseus-eng3.xml,0,0
tlg0007.tlg079.perseus-eng4.xml,0,0
tlg0007.tlg079.perseus-grc2.xml,0,0
tlg0007.tlg046.perseus-eng2.xml,0,0
tlg0007.tlg046.perseus-grc2.xml,0,0
tlg0007.tlg041.perseus-grc2.xml,0,0
tlg0007.tlg041.perseus-eng2.xml,20,0
tlg0007.tlg022.perseus-eng2.xml,42,0
tlg0007.tlg022.perseus-grc2.xml,0,0
tlg0007.tlg025.perseus-grc2.xml,0,0
tlg0007.tlg025.perseus-eng2.xml,8,0
tlg0007.tlg013.perseus-eng2.xml,25,0
tlg0007.tlg013.perseus-grc2.xml,0,0
tlg0007.tlg014.perseus-grc2.xml,0,0
tlg0007.tlg014.perseus-eng2.xml,1,0
tlg0007.tlg040.perseus-grc2.xml,0,0
tlg0007.tlg040.perseus-eng2.xml,0,0
tlg0007.tlg078.perseus-eng3.xml,0,0
tlg0007.tlg078.perseus-eng4.xml,0,0
tlg0007.tlg078.perseus-grc2.xml,0,0
tlg0007.tlg047.perseus-eng2.xml,89,0
tlg0007.tlg047.perseus-grc2.xml,0,0
tlg0007.tlg085.perseus-eng4.xml,0,0
tlg0007.tlg085.perseus-eng3.xml,0,0
tlg0007.tlg085.perseus-grc4.xml,0,0
tlg0007.tlg085.perseus-grc3.xml,0,0
tlg0007.tlg071.perseus-grc2.xml,0,0
tlg0007.tlg071.perseus-eng3.xml,0,0
tlg0007.tlg071.perseus-eng4.xml,0,0
tlg0007.tlg049.perseus-eng2.xml,26,0
tlg0007.tlg049.perseus-grc2.xml,0,0
tlg0007.tlg076.perseus-eng4.xml,29,0
tlg0007.tlg076.perseus-eng3.xml,0,0
tlg0007.tlg076.perseus-grc2.xml,0,0
tlg0007.tlg082.perseus-grc3.xml,0,0
tlg0007.tlg082.perseus-grc4.xml,0,0
tlg0007.tlg082.perseus-eng3.xml,0,0
tlg0007.tlg082.perseus-eng4.xml,0,0
tlg0007.tlg104.perseus-eng2.xml,8,0
tlg0007.tlg104.perseus-grc2.xml,0,0
tlg0007.tlg103.perseus-grc2.xml,0,0
tlg0007.tlg103.perseus-eng2.xml,0,0
tlg0007.tlg135.perseus-grc2.xml,0,0
tlg0007.tlg084a.perseus-grc4.xml,0,0
tlg0007.tlg084a.perseus-grc3.xml,0,0
tlg0007.tlg084a.perseus-eng4.xml,0,0
tlg0007.tlg084a.perseus-eng3.xml,0,0
tlg0007.tlg132.perseus-grc2.xml,0,0
tlg0007.tlg132.perseus-eng3.xml,0,0
tlg0007.tlg132.perseus-eng4.xml,0,0
tlg0007.tlg133.perseus-grc2.xml,0,0
tlg0007.tlg133.perseus-eng2.xml,0,0
tlg0007.tlg134.perseus-eng2.xml,0,0
tlg0007.tlg134.perseus-grc2.xml,0,0
tlg0007.tlg102.perseus-grc2.xml,0,0
tlg0007.tlg102.perseus-eng4.xml,0,0
tlg0007.tlg102.perseus-eng3.xml,0,0
tlg0007.tlg105.perseus-eng2.xml,0,0
tlg0007.tlg105.perseus-grc2.xml,0,0
tlg0007.tlg082b.perseus-eng2.xml,0,0
tlg0007.tlg082b.perseus-grc3.xml,0,0
tlg0007.tlg082b.perseus-grc4.xml,0,0
tlg0007.tlg123.perseus-grc2.xml,0,0
tlg0007.tlg123.perseus-eng2.xml,0,0
tlg0007.tlg112.perseus-grc2.xml,0,0
tlg0007.tlg112.perseus-eng2.xml,0,0
tlg0007.tlg115.perseus-eng4.xml,0,0
tlg0007.tlg115.perseus-eng3.xml,0,0
tlg0007.tlg115.perseus-grc2.xml,0,0
tlg0007.tlg141.perseus-eng2.xml,0,0
tlg0007.tlg141.perseus-grc2.xml,0,0
tlg0007.tlg114.perseus-eng4.xml,0,0
tlg0007.tlg114.perseus-eng3.xml,0,0
tlg0007.tlg114.perseus-grc2.xml,0,0
tlg0007.tlg113.perseus-grc2.xml,0,0
tlg0007.tlg113.perseus-eng2.xml,0,0
tlg0007.tlg125.perseus-eng2.xml,0,0
tlg0007.tlg125.perseus-grc2.xml,0,0
tlg0007.tlg122.perseus-grc2.xml,0,0
tlg0007.tlg122.perseus-eng4.xml,0,0
tlg0007.tlg122.perseus-eng3.xml,0,0
tlg0007.tlg140.perseus-eng2.xml,0,0
tlg0007.tlg140.perseus-grc2.xml,0,0
tlg0007.tlg032.perseus-eng2.xml,57,0
tlg0007.tlg032.perseus-grc2.xml,3,3
tlg0007.tlg035.perseus-grc2.xml,0,0
tlg0007.tlg035.perseus-eng2.xml,8,0
tlg0007.tlg003.perseus-eng2.xml,2,0
tlg0007.tlg003.perseus-grc2.xml,0,0
tlg0007.tlg004.perseus-grc2.xml,0,0
tlg0007.tlg004.perseus-eng2.xml,25,0
tlg0007.tlg050.perseus-grc2.xml,0,0
tlg0007.tlg050.perseus-eng2.xml,63,0
tlg0007.tlg057.perseus-eng2.xml,20,0
tlg0007.tlg057.perseus-grc2.xml,0,0
tlg0007.tlg068.perseus-eng4.xml,4,0
tlg0007.tlg068.perseus-eng3.xml,0,0
tlg0007.tlg068.perseus-grc2.xml,0,0
tlg0007.tlg061.perseus-grc2.xml,0,0
tlg0007.tlg061.perseus-eng2.xml,41,0
tlg0007.tlg095.perseus-eng3.xml,0,0
tlg0007.tlg095.perseus-eng4.xml,12,0
tlg0007.tlg095.perseus-grc2.xml,0,0
tlg0007.tlg092.perseus-grc2.xml,0,0
tlg0007.tlg092.perseus-eng4.xml,0,0
tlg0007.tlg092.perseus-eng3.xml,0,0
tlg0007.tlg066.perseus-eng2.xml,9,0
tlg0007.tlg066.perseus-grc2.xml,0,0
tlg0007.tlg059.perseus-eng2.xml,1,0
tlg0007.tlg059.perseus-grc2.xml,0,0
tlg0007.tlg005.perseus-grc2.xml,0,0
tlg0007.tlg005.perseus-eng2.xml,24,0
tlg0007.tlg002.perseus-eng2.xml,56,0
tlg0007.tlg002.perseus-grc2.xml,0,0
tlg0007.tlg034.perseus-grc2.xml,0,0
tlg0007.tlg034.perseus-eng2.xml,2,0
tlg0007.tlg033.perseus-eng2.xml,42,0
tlg0007.tlg033.perseus-grc2.xml,0,0
tlg0007.tlg067.perseus-eng3.xml,0,0
tlg0007.tlg067.perseus-eng4.xml,6,0
tlg0007.tlg067.perseus-grc2.xml,0,0
tlg0007.tlg093.perseus-grc2.xml,0,0
tlg0007.tlg093.perseus-eng4.xml,1,0
tlg0007.tlg093.perseus-eng3.xml,0,0
tlg0007.tlg058.perseus-eng2.xml,46,0
tlg0007.tlg058.perseus-grc2.xml,0,0
tlg0007.tlg094.perseus-eng3.xml,0,0
tlg0007.tlg094.perseus-eng4.xml,0,0
tlg0007.tlg094.perseus-grc2.xml,0,0
tlg0007.tlg060.perseus-grc2.xml,0,0
tlg0007.tlg060.perseus-eng2.xml,19,0
tlg0007.tlg056.perseus-eng2.xml,11,0
tlg0007.tlg056.perseus-grc2.xml,0,0
tlg0007.tlg069.perseus-eng4.xml,1,0
tlg0007.tlg069.perseus-eng3.xml,0,0
tlg0007.tlg069.perseus-grc2.xml,0,0
tlg0007.tlg051.perseus-grc1.xml,0,0
tlg0007.tlg051.perseus-eng1.xml,29,0
tlg0007.tlg073.perseus-eng3.xml,0,0
tlg0007.tlg073.perseus-eng4.xml,5,0
tlg0007.tlg073.perseus-grc2.xml,0,0
tlg0007.tlg087.perseus-grc4.xml,0,0
tlg0007.tlg087.perseus-grc3.xml,0,0
tlg0007.tlg087.perseus-eng4.xml,11,0
tlg0007.tlg087.perseus-eng3.xml,0,0
tlg0007.tlg080.perseus-eng3.xml,0,0
tlg0007.tlg080.perseus-eng4.xml,9,0
tlg0007.tlg080.perseus-grc2.xml,0,0
tlg0007.tlg074.perseus-grc2.xml,0,0
tlg0007.tlg074.perseus-eng4.xml,0,0
tlg0007.tlg074.perseus-eng3.xml,0,0
tlg0007.tlg089.perseus-grc2.xml,0,0
tlg0007.tlg089.perseus-eng3.xml,0,0
tlg0007.tlg089.perseus-eng4.xml,0,0
tlg0007.tlg042.perseus-eng2.xml,20,0
tlg0007.tlg042.perseus-grc2.xml,0,0
tlg0007.tlg045.perseus-grc2.xml,0,0
tlg0007.tlg045.perseus-eng2.xml,73,0
tlg0007.tlg011.perseus-grc2.xml,0,0
tlg0007.tlg011.perseus-eng2.xml,4,0
tlg0007.tlg016.perseus-eng2.xml,59,0
tlg0007.tlg016.perseus-grc2.xml,0,0
tlg0007.tlg029.perseus-eng2.xml,0,0
tlg0007.tlg029.perseus-grc2.xml,0,0
tlg0007.tlg020.perseus-grc2.xml,0,0
tlg0007.tlg020.perseus-eng2.xml,2,0
tlg0007.tlg027.perseus-eng2.xml,26,0
tlg0007.tlg027.perseus-grc2.xml,0,0
tlg0007.tlg018.perseus-eng2.xml,12,0
tlg0007.tlg018.perseus-grc2.xml,0,0
tlg0007.tlg044.perseus-grc2.xml,0,0
tlg0007.tlg044.perseus-eng2.xml,97,0
tlg0007.tlg088.perseus-grc3.xml,0,0
tlg0007.tlg088.perseus-grc4.xml,0,0
tlg0007.tlg088.perseus-eng3.xml,0,0
tlg0007.tlg088.perseus-eng4.xml,0,0
tlg0007.tlg043.perseus-eng2.xml,0,0
tlg0007.tlg043.perseus-grc2.xml,0,0
tlg0007.tlg075.perseus-grc2.xml,0,0
tlg0007.tlg075.perseus-eng4.xml,0,0
tlg0007.tlg075.perseus-eng3.xml,0,0
tlg0007.tlg081.perseus-eng3.xml,0,0
tlg0007.tlg081.perseus-eng4.xml,4,1
tlg0007.tlg081.perseus-grc3.xml,0,0
tlg0007.tlg081.perseus-grc4.xml,0,0
tlg0007.tlg086.perseus-grc4.xml,0,0
tlg0007.tlg086.perseus-grc3.xml,0,0
tlg0007.tlg086.perseus-eng4.xml,0,0
tlg0007.tlg086.perseus-eng3.xml,0,0
tlg0007.tlg072.perseus-eng3.xml,0,0
tlg0007.tlg072.perseus-eng4.xml,3,0
tlg0007.tlg072.perseus-grc2.xml,0,0
tlg0007.tlg026.perseus-eng2.xml,6,0
tlg0007.tlg026.perseus-grc2.xml,0,0
tlg0007.tlg019.perseus-eng2.xml,14,0
tlg0007.tlg019.perseus-grc2.xml,0,0
tlg0007.tlg021.perseus-grc2.xml,0,0
tlg0007.tlg021.perseus-eng2.xml,25,0
tlg0007.tlg017.perseus-eng2.xml,6,0
tlg0007.tlg017.perseus-grc2.xml,0,0
tlg0007.tlg028.perseus-eng2.xml,43,0
tlg0007.tlg028.perseus-grc2.xml,0,0
tlg0007.tlg010.perseus-grc2.xml,4,4
tlg0007.tlg010.perseus-eng2.xml,17,0
tlg0007.tlg100.perseus-eng4.xml,0,0
tlg0007.tlg100.perseus-eng3.xml,0,0
tlg0007.tlg100.perseus-grc2.xml,0,0
tlg0007.tlg107.perseus-grc2.xml,0,0
tlg0007.tlg107.perseus-eng2.xml,0,0
tlg0007.tlg138.perseus-grc2.xml,0,0
tlg0007.tlg138.perseus-eng2.xml,0,0
tlg0007.tlg084b.perseus-eng4.xml,0,0
tlg0007.tlg084b.perseus-eng3.xml,0,0
tlg0007.tlg084b.perseus-grc4.xml,0,0
tlg0007.tlg084b.perseus-grc3.xml,0,0
tlg0007.tlg131.perseus-eng3.xml,0,0
tlg0007.tlg131.perseus-eng4.xml,0,0
tlg0007.tlg131.perseus-grc2.xml,0,0
tlg0007.tlg136.perseus-grc2.xml,0,0
tlg0007.tlg136.perseus-eng2.xml,0,0
tlg0007.tlg109.perseus-grc2.xml,0,0
tlg0007.tlg109.perseus-eng2.xml,0,0
tlg0007.tlg082a.perseus-grc3.xml,0,0
tlg0007.tlg082a.perseus-grc4.xml,0,0
tlg0007.tlg082a.perseus-eng2.xml,0,0
tlg0007.tlg137.perseus-grc2.xml,0,0
tlg0007.tlg137.perseus-eng2.xml,0,0
tlg0007.tlg108.perseus-grc2.xml,0,0
tlg0007.tlg108.perseus-eng2.xml,0,0
tlg0007.tlg130.perseus-eng3.xml,0,0
tlg0007.tlg130.perseus-eng4.xml,0,0
tlg0007.tlg130.perseus-grc2.xml,0,0
tlg0007.tlg106.perseus-grc2.xml,0,0
tlg0007.tlg106.perseus-eng2.xml,0,0
tlg0007.tlg139.perseus-grc2.xml,0,0
tlg0007.tlg139.perseus-eng2.xml,0,0
tlg0007.tlg101.perseus-eng4.xml,0,0
tlg0007.tlg101.perseus-eng3.xml,0,0
tlg0007.tlg101.perseus-grc2.xml,0,0
tlg0031.tlg009.perseus-eng2.xml,0,0
tlg0031.tlg009.perseus-grc2.xml,0,0
tlg0031.tlg007.perseus-eng2.xml,0,0
tlg0031.tlg007.perseus-grc2.xml,0,0
tlg0031.tlg001.perseus-grc2.xml,0,0
tlg0031.tlg001.perseus-eng2.xml,0,0
tlg0031.tlg006.perseus-eng2.xml,0,0
tlg0031.tlg006.perseus-grc2.xml,0,0
tlg0031.tlg008.perseus-eng2.xml,0,0
tlg0031.tlg008.perseus-grc2.xml,0,0
tlg0031.tlg015.perseus-grc2.xml,0,0
tlg0031.tlg015.perseus-eng2.xml,0,0
tlg0031.tlg012.perseus-eng2.xml,0,0
tlg0031.tlg012.perseus-grc2.xml,0,0
tlg0031.tlg024.perseus-grc2.xml,0,0
tlg0031.tlg024.perseus-eng2.xml,0,0
tlg0031.tlg023.perseus-eng2.xml,0,0
tlg0031.tlg023.perseus-grc2.xml,0,0
tlg0031.tlg022.perseus-eng2.xml,0,0
tlg0031.tlg022.perseus-grc2.xml,0,0
tlg0031.tlg025.perseus-grc2.xml,0,0
tlg0031.tlg025.perseus-eng2.xml,0,0
tlg0031.tlg013.perseus-eng2.xml,0,0
tlg0031.tlg013.perseus-grc2.xml,0,0
tlg0031.tlg014.perseus-grc2.xml,0,0
tlg0031.tlg014.perseus-eng2.xml,0,0
tlg0031.tlg003.perseus-eng2.xml,0,0
tlg0031.tlg003.perseus-grc2.xml,0,0
tlg0031.tlg004.perseus-grc2.xml,0,0
tlg0031.tlg004.perseus-eng2.xml,0,0
tlg0031.tlg005.perseus-grc2.xml,0,0
tlg0031.tlg005.perseus-eng2.xml,0,0
tlg0031.tlg002.perseus-eng2.xml,0,0
tlg0031.tlg002.perseus-grc2.xml,0,0
tlg0031.tlg011.perseus-grc2.xml,0,0
tlg0031.tlg011.perseus-eng2.xml,0,0
tlg0031.tlg016.perseus-eng2.xml,0,0
tlg0031.tlg016.perseus-grc2.xml,0,0
tlg0031.tlg020.perseus-grc2.xml,0,0
tlg0031.tlg020.perseus-eng2.xml,0,0
tlg0031.tlg027.perseus-eng2.xml,0,0
tlg0031.tlg027.perseus-grc2.xml,0,0
tlg0031.tlg018.perseus-eng2.xml,0,0
tlg0031.tlg018.perseus-grc2.xml,0,0
tlg0031.tlg026.perseus-eng2.xml,0,0
tlg0031.tlg026.perseus-grc2.xml,0,0
tlg0031.tlg019.perseus-eng2.xml,0,0
tlg0031.tlg019.perseus-grc2.xml,0,0
tlg0031.tlg021.perseus-grc2.xml,0,0
tlg0031.tlg021.perseus-eng2.xml,0,0
tlg0031.tlg017.perseus-eng2.xml,0,0
tlg0031.tlg017.perseus-grc2.xml,0,0
tlg0031.tlg010.perseus-grc2.xml,0,0
tlg0031.tlg010.perseus-eng2.xml,0,0
tlg2934.tlg066.perseus-grc2.xml,789,0
tlg0036.tlg001.perseus-grc2.xml,0,0
tlg0036.tlg003.perseus-grc2.xml,0,0
tlg0036.tlg002.perseus-grc2.xml,0,0
tlg0086.tlg009.perseus-grc2.xml,21,1
tlg0086.tlg009.perseus-eng2.xml,114,11
tlg0086.tlg038.perseus-grc2.xml,76,0
tlg0086.tlg038.perseus-eng2.xml,147,0
tlg0086.tlg025.perseus-eng2.xml,673,0
tlg0086.tlg025.perseus-grc2.xml,10,0
tlg0086.tlg035.perseus-eng2.xml,87,0
tlg0086.tlg035.perseus-grc2.xml,17,16
tlg0086.tlg003.perseus-grc2.xml,11,0
tlg0086.tlg034.perseus-eng2.xml,47,0
tlg0086.tlg034.digicorpus-ara1.xml,0,0
tlg0086.tlg034.perseus-grc2.xml,0,0
tlg0086.tlg034.digicorpus-grc2.xml,0,0
tlg0086.tlg045.perseus-grc2.xml,0,0
tlg0086.tlg029.perseus-grc2.xml,2,2
tlg0086.tlg029.perseus-eng2.xml,15,1
tlg0086.tlg010.perseus-eng2.xml,101,0
tlg0086.tlg010.perseus-grc2.xml,15,0
tlg0081.tlg009.perseus-grc2.xml,0,0
tlg0081.tlg007.perseus-grc2.xml,7,7
tlg0081.tlg001.perseus-grc2.xml,93,0
tlg0081.tlg006.perseus-grc2.xml,0,0
tlg0081.tlg008.perseus-grc2.xml,0,0
tlg0081.tlg015.perseus-grc2.xml,0,0
tlg0081.tlg012.perseus-grc2.xml,0,0
tlg0081.tlg003.perseus-grc2.xml,0,0
tlg0081.tlg004.perseus-grc2.xml,0,0
tlg0081.tlg005.perseus-grc2.xml,0,0
tlg0081.tlg002.perseus-grc2.xml,0,0
tlg0081.tlg011.perseus-grc2.xml,0,0
tlg0081.tlg010.perseus-grc2.xml,0,0
tlg0612.tlg001.perseus-grc2.xml,1,1
tlg0646.tlg004.perseus-eng1.xml,0,0
tlg0010.tlg009.perseus-eng2.xml,28,0
tlg0010.tlg009.perseus-grc2.xml,0,0
tlg0010.tlg007.perseus-eng2.xml,49,0
tlg0010.tlg007.perseus-grc2.xml,0,0
tlg0010.tlg001.perseus-grc2.xml,0,0
tlg0010.tlg001.perseus-eng2.xml,3,0
tlg0010.tlg006.perseus-eng2.xml,7,0
tlg0010.tlg006.perseus-grc2.xml,0,0
tlg0010.tlg030.perseus-grc2.xml,0,0
tlg0010.tlg030.perseus-eng2.xml,1,0
tlg0010.tlg008.perseus-eng2.xml,19,0
tlg0010.tlg008.perseus-grc2.xml,0,0
tlg0010.tlg015.perseus-grc2.xml,1,0
tlg0010.tlg015.perseus-eng2.xml,26,0
tlg0010.tlg012.perseus-eng2.xml,8,0
tlg0010.tlg012.perseus-grc2.xml,0,0
tlg0010.tlg024.perseus-grc2.xml,0,0
tlg0010.tlg024.perseus-eng2.xml,11,0
tlg0010.tlg023.perseus-eng2.xml,3,0
tlg0010.tlg023.perseus-grc2.xml,0,0
tlg0010.tlg022.perseus-eng2.xml,8,0
tlg0010.tlg022.perseus-grc2.xml,0,0
tlg0010.tlg025.perseus-grc2.xml,0,0
tlg0010.tlg025.perseus-eng2.xml,3,0
tlg0010.tlg013.perseus-eng2.xml,37,0
tlg0010.tlg013.perseus-grc2.xml,0,0
tlg0010.tlg014.perseus-grc2.xml,0,0
tlg0010.tlg014.perseus-eng2.xml,27,0
tlg0010.tlg003.perseus-eng2.xml,4,0
tlg0010.tlg003.perseus-grc2.xml,0,0
tlg0010.tlg004.perseus-grc2.xml,0,0
tlg0010.tlg004.perseus-eng2.xml,17,0
tlg0010.tlg005.perseus-grc2.xml,0,0
tlg0010.tlg005.perseus-eng2.xml,13,0
tlg0010.tlg002.perseus-eng2.xml,8,0
tlg0010.tlg002.perseus-grc2.xml,0,0
tlg0010.tlg011.perseus-grc2.xml,0,0
tlg0010.tlg011.perseus-eng2.xml,234,0
tlg0010.tlg016.perseus-eng2.xml,66,0
tlg0010.tlg016.perseus-grc2.xml,0,0
tlg0010.tlg029.perseus-eng2.xml,1,0
tlg0010.tlg029.perseus-grc2.xml,0,0
tlg0010.tlg020.perseus-grc2.xml,0,0
tlg0010.tlg020.perseus-eng2.xml,110,0
tlg0010.tlg027.perseus-eng2.xml,13,0
tlg0010.tlg027.perseus-grc2.xml,0,0
tlg0010.tlg018.perseus-eng2.xml,123,0
tlg0010.tlg018.perseus-grc2.xml,0,0
tlg0010.tlg026.perseus-eng3.xml,2,0
tlg0010.tlg026.perseus-grc3.xml,0,0
tlg0010.tlg019.perseus-eng2.xml,135,4
tlg0010.tlg019.perseus-grc2.xml,4,4
tlg0010.tlg021.perseus-grc2.xml,0,0
tlg0010.tlg021.perseus-eng2.xml,209,0
tlg0010.tlg017.perseus-eng2.xml,185,0
tlg0010.tlg017.perseus-grc2.xml,0,0
tlg0010.tlg028.perseus-eng2.xml,1,0
tlg0010.tlg028.perseus-grc2.xml,0,0
tlg0010.tlg010.perseus-grc2.xml,0,0
tlg0010.tlg010.perseus-eng2.xml,25,0
tlg7000.tlg001.perseus-grc7.xml,0,0
tlg7000.tlg001.perseus-grc6.xml,0,0
tlg7000.tlg001.perseus-grc8.xml,0,0
tlg7000.tlg001.perseus-grc9.xml,0,0
tlg7000.tlg001.perseus-grc10.xml,0,0
tlg0017.tlg009.perseus-eng2.xml,2,0
tlg0017.tlg009.perseus-grc2.xml,0,0
tlg0017.tlg007.perseus-eng2.xml,2,0
tlg0017.tlg007.perseus-grc2.xml,0,0
tlg0017.tlg001.perseus-grc2.xml,0,0
tlg0017.tlg001.perseus-eng2.xml,1,0
tlg0017.tlg006.perseus-eng2.xml,9,0
tlg0017.tlg006.perseus-grc2.xml,0,0
tlg0017.tlg008.perseus-eng2.xml,6,0
tlg0017.tlg008.perseus-grc2.xml,0,0
tlg0017.tlg012.perseus-eng2.xml,0,0
tlg0017.tlg012.perseus-grc2.xml,0,0
tlg0017.tlg003.perseus-eng2.xml,6,0
tlg0017.tlg003.perseus-grc2.xml,0,0
tlg0017.tlg004.perseus-grc2.xml,0,0
tlg0017.tlg004.perseus-eng2.xml,1,0
tlg0017.tlg005.perseus-grc2.xml,0,0
tlg0017.tlg005.perseus-eng2.xml,9,0
tlg0017.tlg002.perseus-eng2.xml,2,0
tlg0017.tlg002.perseus-grc2.xml,0,0
tlg0017.tlg011.perseus-grc2.xml,0,0
tlg0017.tlg011.perseus-eng2.xml,3,0
tlg0017.tlg010.perseus-grc2.xml,0,0
tlg0017.tlg010.perseus-eng2.xml,0,0
tlg0641.tlg001.perseus-grc2.xml,0,0
tlg0028.tlg001.perseus-eng2.xml,3,0
tlg0028.tlg001.perseus-grc2.xml,0,0
tlg0028.tlg006.perseus-grc2.xml,0,0
tlg0028.tlg006.perseus-eng2.xml,12,0
tlg0028.tlg003.perseus-grc2.xml,0,0
tlg0028.tlg003.perseus-eng2.xml,8,0
tlg0028.tlg004.perseus-eng2.xml,8,0
tlg0028.tlg004.perseus-grc2.xml,0,0
tlg0028.tlg005.perseus-eng2.xml,27,0
tlg0028.tlg005.perseus-grc2.xml,0,0
tlg0028.tlg002.perseus-grc2.xml,0,0
tlg0028.tlg002.perseus-eng2.xml,11,0
tlg0648.tlg001.perseus-grc2.xml,0,0
tlg0026.tlg001.perseus-grc2.xml,8,8
tlg0026.tlg001.perseus-eng2.xml,31,6
tlg0026.tlg003.perseus-eng2.xml,40,5
tlg0026.tlg003.perseus-grc2.xml,6,6
tlg0026.tlg002.perseus-eng2.xml,36,1
tlg0026.tlg002.perseus-grc2.xml,4,2
tlg0019.tlg009.perseus-grc2.xml,0,0
tlg0019.tlg007.perseus-grc2.xml,0,0
tlg0019.tlg001.perseus-grc2.xml,0,0
tlg0019.tlg006.perseus-grc2.xml,0,0
tlg0019.tlg006.perseus-eng2.xml,0,0
tlg0019.tlg008.perseus-grc2.xml,0,0
tlg0019.tlg003.perseus-grc2.xml,0,0
tlg0019.tlg003.perseus-eng2.xml,0,0
tlg0019.tlg004.perseus-grc2.xml,0,0
tlg0019.tlg005.perseus-grc2.xml,0,0
tlg0019.tlg002.perseus-grc2.xml,0,0
tlg0019.tlg011.perseus-grc2.xml,0,0
tlg0019.tlg010.perseus-grc2.xml,0,0
tlg4029.tlg001.perseus-grc2.xml,0,0
tlg4029.tlg002.perseus-grc2.xml,0,0
tlg0613.tlg001.perseus-grc2.xml,0,0
tlg4081.tlg001.perseus-grc2.xml,0,0
tlg0284.tlg054.perseus-grc2.xml,0,0
tlg0284.tlg053.perseus-grc2.xml,0,0
tlg0284.tlg009.perseus-grc2.xml,0,0
tlg0284.tlg036.perseus-grc2.xml,0,0
tlg0284.tlg031.perseus-grc2.xml,0,0
tlg0284.tlg038.perseus-grc2.xml,0,0
tlg0284.tlg007.perseus-grc2.xml,0,0
tlg0284.tlg052.perseus-grc2.xml,0,0
tlg0284.tlg055.perseus-grc2.xml,0,0
tlg0284.tlg001.perseus-grc2.xml,0,0
tlg0284.tlg039.perseus-grc2.xml,0,0
tlg0284.tlg006.perseus-grc2.xml,0,0
tlg0284.tlg030.perseus-grc2.xml,0,0
tlg0284.tlg008.perseus-grc2.xml,0,0
tlg0284.tlg037.perseus-grc2.xml,0,0
tlg0284.tlg015.perseus-grc2.xml,0,0
tlg0284.tlg012.perseus-grc2.xml,0,0
tlg0284.tlg024.perseus-grc2.xml,0,0
tlg0284.tlg023.perseus-grc2.xml,0,0
tlg0284.tlg048.perseus-grc2.xml,0,0
tlg0284.tlg046.perseus-grc2.xml,0,0
tlg0284.tlg041.perseus-grc2.xml,0,0
tlg0284.tlg022.perseus-grc2.xml,0,0
tlg0284.tlg025.perseus-grc2.xml,0,0
tlg0284.tlg013.perseus-grc2.xml,0,0
tlg0284.tlg014.perseus-grc2.xml,0,0
tlg0284.tlg040.perseus-grc2.xml,0,0
tlg0284.tlg047.perseus-grc2.xml,0,0
tlg0284.tlg049.perseus-grc2.xml,0,0
tlg0284.tlg032.perseus-grc2.xml,0,0
tlg0284.tlg035.perseus-grc2.xml,0,0
tlg0284.tlg003.perseus-grc2.xml,0,0
tlg0284.tlg004.perseus-grc2.xml,0,0
tlg0284.tlg050.perseus-grc2.xml,0,0
tlg0284.tlg005.perseus-grc2.xml,0,0
tlg0284.tlg002.perseus-grc2.xml,0,0
tlg0284.tlg034.perseus-grc2.xml,0,0
tlg0284.tlg033.perseus-grc2.xml,0,0
tlg0284.tlg056.perseus-grc2.xml,0,0
tlg0284.tlg051.perseus-grc2.xml,0,0
tlg0284.tlg042.perseus-grc2.xml,0,0
tlg0284.tlg045.perseus-grc2.xml,0,0
tlg0284.tlg011.perseus-grc2.xml,0,0
tlg0284.tlg016.perseus-grc2.xml,0,0
tlg0284.tlg029.perseus-grc2.xml,0,0
tlg0284.tlg020.perseus-grc2.xml,0,0
tlg0284.tlg027.perseus-grc2.xml,0,0
tlg0284.tlg018.perseus-grc2.xml,0,0
tlg0284.tlg044.perseus-grc2.xml,0,0
tlg0284.tlg043.perseus-grc2.xml,0,0
tlg0284.tlg026.perseus-grc2.xml,0,0
tlg0284.tlg019.perseus-grc2.xml,0,0
tlg0284.tlg021.perseus-grc2.xml,0,0
tlg0284.tlg017.perseus-grc2.xml,0,0
tlg0284.tlg028.perseus-grc2.xml,0,0
tlg0284.tlg010.perseus-grc2.xml,0,0
tlg0074.tlg001.perseus-grc2.xml,0,0
tlg0074.tlg006.perseus-grc2.xml,0,0
tlg0074.tlg003.perseus-grc2.xml,0,0
tlg0074.tlg004.perseus-grc2.xml,0,0
tlg0074.tlg005.perseus-grc2.xml,0,0
tlg0074.tlg002.perseus-grc2.xml,0,0
tlg0027.tlg001.perseus-eng2.xml,30,0
tlg0027.tlg001.perseus-grc2.xml,2,0
tlg0027.tlg003.perseus-grc2.xml,0,0
tlg0027.tlg003.perseus-eng2.xml,12,0
tlg0027.tlg004.perseus-eng2.xml,17,0
tlg0027.tlg004.perseus-grc2.xml,0,0
tlg0027.tlg002.perseus-grc2.xml,0,0
tlg0027.tlg002.perseus-eng2.xml,3,0
tlg0020.tlg001.perseus-eng2.xml,0,0
tlg0020.tlg001.perseus-grc2.xml,0,0
tlg0020.tlg003.perseus-grc2.xml,0,0
tlg0020.tlg003.perseus-eng2.xml,1,0
tlg0020.tlg002.perseus-grc2.xml,0,0
tlg0020.tlg002.perseus-eng2.xml,0,0
tlg0016.tlg001.perseus-eng2.xml,112,4
tlg0016.tlg001.perseus-grc2.xml,4,4
tlg0029.tlg006.perseus-eng2.xml,1,0
tlg0029.tlg006.perseus-grc2.xml,1,0
tlg0029.tlg004.perseus-grc2.xml,1,0
tlg0029.tlg004.perseus-eng2.xml,93,0
tlg0029.tlg005.perseus-grc2.xml,0,0
tlg0029.tlg005.perseus-eng2.xml,11,0
tlg0647.tlg001.perseus-grc2.xml,0,0
tlg0011.tlg007.perseus-grc2.xml,0,0
tlg0011.tlg007.perseus-eng2.xml,0,0
tlg0011.tlg001.perseus-eng3.xml,0,0
tlg0011.tlg001.perseus-grc2.xml,0,0
tlg0011.tlg006.perseus-grc2.xml,0,0
tlg0011.tlg006.perseus-eng2.xml,0,0
tlg0011.tlg008.perseus-grc2.xml,0,0
tlg0011.tlg008.perseus-eng2.xml,6,0
tlg0011.tlg003.perseus-grc2.xml,0,0
tlg0011.tlg003.perseus-eng2.xml,0,0
tlg0011.tlg004.perseus-eng2.xml,0,0
tlg0011.tlg004.perseus-grc2.xml,0,0
tlg0011.tlg005.perseus-eng2.xml,0,0
tlg0011.tlg005.perseus-grc2.xml,0,0
tlg0011.tlg002.perseus-grc2.xml,0,0
tlg0011.tlg002.perseus-eng2.xml,0,0
tlg1419.tlg001.perseus-eng1.xml,0,0
tlg0199.tlg001.perseus-grc2.xml,0,0
tlg0199.tlg001.perseus-eng2.xml,0,0
tlg0199.tlg002.perseus-eng2.xml,0,0
tlg0199.tlg002.perseus-grc2.xml,0,0
tlg1622.tlg001.perseus-eng1.xml,0,0
tlg1443.tlg001.perseus-eng1.xml,0,0
tlg0562.tlg001.perseus-grc2.xml,0,0
tlg0554.tlg001.perseus-grc1.xml,0,0
tlg1271.tlg001.perseus-eng1.xml,0,0
tlg1271.tlg002.perseus-eng1.xml,2,0
tlg0555.tlg001.perseus-grc2.xml,0,0
tlg0555.tlg006.perseus-grc2.xml,0,0
tlg0555.tlg008.perseus-grc2.xml,0,0
tlg0555.tlg004.perseus-grc2.xml,0,0
tlg0548.tlg001.perseus-grc2.xml,2,1
tlg0548.tlg001.perseus-eng2.xml,4458,2
tlg0548.tlg002.perseus-eng2.xml,1466,6
tlg0548.tlg002.perseus-grc2.xml,5,4
tlg2046.tlg001.perseus-grc2.xml,0,0
tlg3135.tlg001.opp-grc3.xml,0,0
tlg0540.tlg009.perseus-eng2.xml,3,0
tlg0540.tlg009.perseus-grc2.xml,0,0
tlg0540.tlg031.perseus-grc2.xml,0,0
tlg0540.tlg031.perseus-eng2.xml,0,0
tlg0540.tlg007.perseus-eng2.xml,3,0
tlg0540.tlg007.perseus-grc2.xml,0,0
tlg0540.tlg001.perseus-grc2.xml,0,0
tlg0540.tlg001.perseus-eng2.xml,1,0
tlg0540.tlg006.perseus-eng2.xml,4,0
tlg0540.tlg006.perseus-grc2.xml,0,0
tlg0540.tlg030.perseus-grc2.xml,0,0
tlg0540.tlg030.perseus-eng2.xml,2,0
tlg0540.tlg008.perseus-eng2.xml,0,0
tlg0540.tlg008.perseus-grc2.xml,0,0
tlg0540.tlg015.perseus-grc2.xml,0,0
tlg0540.tlg015.perseus-eng2.xml,0,0
tlg0540.tlg012.perseus-eng2.xml,2,0
tlg0540.tlg012.perseus-grc2.xml,0,0
tlg0540.tlg024.perseus-grc2.xml,0,0
tlg0540.tlg024.perseus-eng2.xml,1,0
tlg0540.tlg023.perseus-eng2.xml,0,0
tlg0540.tlg023.perseus-grc2.xml,0,0
tlg0540.tlg022.perseus-eng2.xml,4,0
tlg0540.tlg022.perseus-grc2.xml,0,0
tlg0540.tlg025.perseus-grc2.xml,0,0
tlg0540.tlg025.perseus-eng2.xml,2,0
tlg0540.tlg013.perseus-eng2.xml,6,0
tlg0540.tlg013.perseus-grc2.xml,0,0
tlg0540.tlg014.perseus-grc2.xml,0,0
tlg0540.tlg014.perseus-eng2.xml,2,0
tlg0540.tlg032.perseus-eng2.xml,5,0
tlg0540.tlg032.perseus-grc2.xml,0,0
tlg0540.tlg003.perseus-eng2.xml,7,0
tlg0540.tlg003.perseus-grc2.xml,0,0
tlg0540.tlg004.perseus-grc2.xml,0,0
tlg0540.tlg004.perseus-eng2.xml,2,0
tlg0540.tlg005.perseus-grc2.xml,0,0
tlg0540.tlg005.perseus-eng2.xml,1,0
tlg0540.tlg002.perseus-eng2.xml,2,0
tlg0540.tlg002.perseus-grc2.xml,0,0
tlg0540.tlg034.perseus-grc2.xml,0,0
tlg0540.tlg034.perseus-eng2.xml,0,0
tlg0540.tlg033.perseus-eng2.xml,1,0
tlg0540.tlg033.perseus-grc2.xml,0,0
tlg0540.tlg011.perseus-grc2.xml,0,0
tlg0540.tlg011.perseus-eng2.xml,0,0
tlg0540.tlg016.perseus-eng2.xml,1,0
tlg0540.tlg016.perseus-grc2.xml,0,0
tlg0540.tlg029.perseus-eng2.xml,2,0
tlg0540.tlg029.perseus-grc2.xml,0,0
tlg0540.tlg020.perseus-grc2.xml,0,0
tlg0540.tlg020.perseus-eng2.xml,1,0
tlg0540.tlg027.perseus-eng2.xml,1,0
tlg0540.tlg027.perseus-grc2.xml,0,0
tlg0540.tlg018.perseus-eng2.xml,2,0
tlg0540.tlg018.perseus-grc2.xml,0,0
tlg0540.tlg026.perseus-eng2.xml,1,0
tlg0540.tlg026.perseus-grc2.xml,0,0
tlg0540.tlg019.perseus-eng2.xml,7,0
tlg0540.tlg019.perseus-grc2.xml,0,0
tlg0540.tlg021.perseus-grc2.xml,0,0
tlg0540.tlg021.perseus-eng2.xml,1,0
tlg0540.tlg017.perseus-eng2.xml,0,0
tlg0540.tlg017.perseus-grc2.xml,0,0
tlg0540.tlg028.perseus-eng2.xml,2,0
tlg0540.tlg028.perseus-grc2.xml,0,0
tlg0540.tlg010.perseus-grc2.xml,0,0
tlg0540.tlg010.perseus-eng2.xml,0,0
tlg1600.tlg001.perseus-grc2.xml,0,0
tlg0719.tlg001.perseus-eng2.xml,0,0
tlg0719.tlg001.perseus-grc2.xml,0,0
tlg0719.tlg003.perseus-grc2.xml,1,0
tlg0719.tlg003.perseus-eng2.xml,0,0
tlg0719.tlg004.perseus-eng2.xml,0,0
tlg0719.tlg004.perseus-grc2.xml,0,0
tlg0719.tlg002.perseus-grc2.xml,1,0
tlg0719.tlg002.perseus-eng2.xml,0,0
tlg2040.tlg004.perseus-grc2.xml,0,0
tlg2040.tlg002.perseus-grc2.xml,0,0
tlg0525.tlg001.perseus-grc2.xml,85,0
tlg0525.tlg001.perseus-eng2.xml,370,0
tlg0033.tlg001.perseus-eng2.xml,1,0
tlg0033.tlg001.perseus-grc2.xml,0,0
tlg0033.tlg003.perseus-grc2.xml,0,0
tlg0033.tlg003.perseus-eng2.xml,1,0
tlg0033.tlg004.perseus-eng2.xml,1,0
tlg0033.tlg004.perseus-grc2.xml,0,0
tlg0033.tlg002.perseus-grc2.xml,0,0
tlg0033.tlg002.perseus-eng3.xml,1,0
tlg0034.tlg001.perseus-eng2.xml,61,8
tlg0034.tlg001.perseus-grc2.xml,12,0
tlg1311.tlg001.perseus-eng1.xml,0,0
tlg0653.tlg001.perseus-grc2.xml,0,0
tlg0005.tlg001.perseus-grc2.xml,0,0
tlg0005.tlg002.perseus-grc2.xml,23,0
tlg0638.tlg007.perseus-grc2.xml,0,0
tlg0638.tlg001.perseus-grc2.xml,0,0
tlg0638.tlg006.perseus-grc2.xml,0,0
tlg0638.tlg003.perseus-grc2.xml,0,0
tlg0638.tlg004.perseus-grc2.xml,0,0
tlg0638.tlg005.perseus-grc2.xml,0,0
tlg1389.tlg001.perseus-grc2.xml,0,0
tlg0060.tlg001.perseus-grc5.xml,0,0
tlg0060.tlg001.perseus-grc4.xml,18,0
tlg0060.tlg001.perseus-grc6.xml,0,0
tlg0094.tlg001.perseus-eng2.xml,0,0
tlg0094.tlg003.perseus-eng2.xml,0,0
tlg0094.tlg003.perseus-grc2.xml,0,0
tlg0094.tlg002.perseus-eng2.xml,3,0
tlg0094.tlg002.perseus-grc2.xml,0,0
tlg0093.tlg009.perseus-grc2.xml,0,0
tlg0058.tlg001.perseus-grc2.xml,0,0
tlg0652.tlg001.perseus-grc2.xml,0,0
tlg0004.tlg001.perseus-grc2.xml,17,0
tlg0004.tlg001.perseus-eng2.xml,0,0
tlg0003.tlg001.perseus-grc2.xml,1,0
tlg0003.tlg001.1st1K-ger3.xml,0,0
tlg0003.tlg001.1st1K-ger2.xml,0,0
tlg0003.tlg001.1st1K-ger1.xml,0,0
tlg0003.tlg001.1st1K-ger4.xml,0,0
tlg0003.tlg001.perseus-eng6.xml,3,1
tlg0003.tlg001.perseus-eng4.xml,0,0
tlg0003.tlg001.1st1K-lat2.xml,0,0
tlg0003.tlg001.1st1K-ita1.xml,0,0
tlg0003.tlg001.1st1K-eng1.xml,590,6
tlg0003.tlg001.1st1K-fre2.xml,0,0
tlg0003.tlg001.1st1K-eng2.xml,2,2
tlg0003.tlg001.1st1K-fre1.xml,1,1
tlg0655.tlg001.perseus-grc2.xml,0,0
tlg0035.tlg001.perseus-grc2.xml,0,0
tlg0035.tlg003.perseus-grc2.xml,0,0
tlg0035.tlg004.perseus-grc2.xml,0,0
tlg0035.tlg005.perseus-grc2.xml,0,0
tlg0035.tlg002.perseus-grc2.xml,0,0
tlg0032.tlg009.perseus-eng2.xml,22,0
tlg0032.tlg009.perseus-grc2.xml,0,0
tlg0032.tlg007.perseus-eng2.xml,5,0
tlg0032.tlg007.perseus-grc2.xml,0,0
tlg0032.tlg001.perseus-grc2.xml,0,0
tlg0032.tlg001.perseus-eng2.xml,5,0
tlg0032.tlg006.perseus-eng2.xml,157,0
tlg0032.tlg006.perseus-grc2.xml,0,0
tlg0032.tlg008.perseus-eng2.xml,4,0
tlg0032.tlg008.perseus-grc2.xml,0,0
tlg0032.tlg012.perseus-eng2.xml,1,0
tlg0032.tlg012.perseus-grc2.xml,0,0
tlg0032.tlg013.perseus-eng2.xml,1,0
tlg0032.tlg013.perseus-grc2.xml,0,0
tlg0032.tlg014.perseus-grc2.xml,0,0
tlg0032.tlg014.perseus-eng2.xml,0,0
tlg0032.tlg003.perseus-eng2.xml,3,0
tlg0032.tlg003.perseus-grc2.xml,0,0
tlg0032.tlg004.perseus-grc2.xml,5,0
tlg0032.tlg004.perseus-eng2.xml,7,4
tlg0032.tlg005.perseus-grc2.xml,0,0
tlg0032.tlg005.perseus-eng2.xml,10,0
tlg0032.tlg002.perseus-eng2.xml,14,11
tlg0032.tlg002.perseus-grc2.xml,11,2
tlg0032.tlg011.perseus-grc2.xml,0,0
tlg0032.tlg011.perseus-eng2.xml,0,0
tlg0032.tlg010.perseus-grc2.xml,0,0
tlg0032.tlg010.perseus-eng2.xml,0,0
tlg0059.tlg009.perseus-grc2.xml,0,0
tlg0059.tlg009.perseus-eng2.xml,0,0
tlg0059.tlg036.perseus-grc2.xml,4,1
tlg0059.tlg036.perseus-eng2.xml,205,1
tlg0059.tlg031.perseus-eng2.xml,0,0
tlg0059.tlg031.perseus-grc2.xml,0,0
tlg0059.tlg007.perseus-grc2.xml,4,0
tlg0059.tlg007.perseus-eng2.xml,19,0
tlg0059.tlg001.perseus-eng2.xml,1,1
tlg0059.tlg001.perseus-grc1.xml,1,1
tlg0059.tlg006.perseus-grc2.xml,2,0
tlg0059.tlg006.perseus-eng2.xml,19,0
tlg0059.tlg030.perseus-eng2.xml,90,6
tlg0059.tlg030.perseus-grc2.xml,61,10
tlg0059.tlg008.perseus-grc2.xml,0,0
tlg0059.tlg008.perseus-eng2.xml,16,0
tlg0059.tlg015.perseus-eng2.xml,1,0
tlg0059.tlg015.perseus-grc2.xml,0,0
tlg0059.tlg012.perseus-grc2.xml,4,2
tlg0059.tlg012.perseus-eng2.xml,8,4
tlg0059.tlg024.perseus-eng2.xml,11,4
tlg0059.tlg024.perseus-grc2.xml,3,2
tlg0059.tlg023.perseus-grc2.xml,6,2
tlg0059.tlg023.perseus-eng2.xml,37,2
tlg0059.tlg022.perseus-grc2.xml,18,9
tlg0059.tlg022.perseus-eng2.xml,30,8
tlg0059.tlg025.perseus-eng2.xml,0,0
tlg0059.tlg025.perseus-grc2.xml,0,0
tlg0059.tlg013.perseus-grc2.xml,1,0
tlg0059.tlg013.perseus-eng2.xml,17,1
tlg0059.tlg014.perseus-eng2.xml,19,2
tlg0059.tlg014.perseus-grc2.xml,11,2
tlg0059.tlg032.perseus-grc2.xml,0,0
tlg0059.tlg032.perseus-eng2.xml,0,0
tlg0059.tlg035.perseus-eng2.xml,0,0
tlg0059.tlg035.perseus-grc2.xml,0,0
tlg0059.tlg003.perseus-grc2.xml,1,1
tlg0059.tlg003.perseus-eng2.xml,1,0
tlg0059.tlg004.perseus-eng2.xml,2,0
tlg0059.tlg004.perseus-grc2.xml,2,1
tlg0059.tlg005.perseus-eng2.xml,15,2
tlg0059.tlg005.perseus-grc2.xml,6,2
tlg0059.tlg002.perseus-grc2.xml,0,0
tlg0059.tlg002.perseus-eng2.xml,2,0
tlg0059.tlg034.perseus-eng2.xml,550,3
tlg0059.tlg034.perseus-grc2.xml,15,3
tlg0059.tlg033.perseus-grc2.xml,3,0
tlg0059.tlg033.perseus-eng2.xml,4,0
tlg0059.tlg011.perseus-eng2.xml,55,0
tlg0059.tlg011.perseus-grc2.xml,15,0
tlg0059.tlg016.perseus-grc2.xml,1,0
tlg0059.tlg016.perseus-eng2.xml,1,0
tlg0059.tlg029.perseus-grc2.xml,0,0
tlg0059.tlg029.perseus-eng2.xml,4,0
tlg0059.tlg020.perseus-eng2.xml,3,0
tlg0059.tlg020.perseus-grc2.xml,3,1
tlg0059.tlg027.perseus-grc2.xml,5,2
tlg0059.tlg027.perseus-eng2.xml,8,3
tlg0059.tlg018.perseus-grc2.xml,1,0
tlg0059.tlg018.perseus-eng2.xml,9,1
tlg0059.tlg026.perseus-grc2.xml,5,3
tlg0059.tlg026.perseus-eng2.xml,5,4
tlg0059.tlg019.perseus-grc2.xml,3,0
tlg0059.tlg019.perseus-eng2.xml,5,1
tlg0059.tlg021.perseus-eng2.xml,9,0
tlg0059.tlg021.perseus-grc2.xml,0,0
tlg0059.tlg017.perseus-grc2.xml,2,0
tlg0059.tlg017.perseus-eng2.xml,3,0
tlg0059.tlg028.perseus-grc2.xml,0,0
tlg0059.tlg028.perseus-eng2.xml,0,0
tlg0059.tlg010.perseus-eng2.xml,3,1
tlg0059.tlg010.perseus-grc2.xml,1,1
tlg0061.tlg001.perseus-eng1.xml,0,0
tlg0061.tlg006.perseus-eng1.xml,0,0
tlg0061.tlg003.perseus-eng1.xml,1,1
tlg0061.tlg004.perseus-eng1.xml,0,0
tlg0057.tlg010.perseus-grc2.xml,0,0
tlg0057.tlg010.perseus-eng2.xml,0,0
